{
  "id": "aa4705a6-15b6-48e4-a7c1-3c3f676b049b",
  "name": "ClassInfoTypes",
  "isOverridable": true,
  "entries": [
    {
      "value": "Title",
      "synonyms": [
        "Title",
        "Name",
        "what is"
      ]
    },
    {
      "value": "Description",
      "synonyms": [
        "Description",
        "Full Description",
        "Information",
        "Describe"
      ]
    },
    {
      "value": "Instructor",
      "synonyms": [
        "Instructor",
        "Teacher",
        "Lecturer",
        "Professor",
        "teach",
        "teaches",
        "lectures"
      ]
    },
    {
      "value": "Units",
      "synonyms": [
        "Units",
        "Unit"
      ]
    },
    {
      "value": "Room",
      "synonyms": [
        "Room",
        "Location",
        "where",
        "located",
        "find",
        "found"
      ]
    }
  ],
  "isEnum": false,
  "automatedExpansion": true
}