{
  "id": "14d340de-103c-4af4-9983-99905fd2b154",
  "name": "Dining_Times",
  "isOverridable": true,
  "entries": [
    {
      "value": "Breakfast",
      "synonyms": [
        "Breakfast",
        "morning"
      ]
    },
    {
      "value": "Lunch",
      "synonyms": [
        "Lunch"
      ]
    },
    {
      "value": "Dinner",
      "synonyms": [
        "Dinner",
        "Supper"
      ]
    },
    {
      "value": "Brunch",
      "synonyms": [
        "Brunch"
      ]
    }
  ],
  "isEnum": false,
  "automatedExpansion": false
}