{
  "id": "a0548a9b-0d2b-4d8e-976a-46659e6e6f4c",
  "name": "Dining_Hall",
  "isOverridable": true,
  "entries": [
    {
      "value": "Maseeh",
      "synonyms": [
        "Maseeh"
      ]
    },
    {
      "value": "McCormick",
      "synonyms": [
        "McCormick",
        "MCC"
      ]
    },
    {
      "value": "Baker",
      "synonyms": [
        "Baker"
      ]
    },
    {
      "value": "Next",
      "synonyms": [
        "Next"
      ]
    },
    {
      "value": "Simmons",
      "synonyms": [
        "Simmons"
      ]
    }
  ],
  "isEnum": false,
  "automatedExpansion": false
}