{
  "id": "82afa388-2b86-4543-afa5-0d29e83e3368",
  "name": "PersonInformationType",
  "isOverridable": true,
  "entries": [
    {
      "value": "email",
      "synonyms": [
        "email"
      ]
    },
    {
      "value": "phone",
      "synonyms": [
        "phone"
      ]
    },
    {
      "value": "kerberos",
      "synonyms": [
        "kerberos",
        "id"
      ]
    },
    {
      "value": "department",
      "synonyms": [
        "department",
        "major"
      ]
    },
    {
      "value": "office",
      "synonyms": [
        "office",
        "room"
      ]
    },
    {
      "value": "website",
      "synonyms": [
        "website",
        "page"
      ]
    },
    {
      "value": "title",
      "synonyms": [
        "title"
      ]
    },
    {
      "value": "all",
      "synonyms": [
        "all",
        "everything",
        "full"
      ]
    }
  ],
  "isEnum": false,
  "automatedExpansion": false
}